{
  "cli": {
    "version": ">= 5.9.0"
  },
  "build": {
    "development": {
      "developmentClient": true,
      "distribution": "internal",
      "android": {
        "buildType": "apk",
        "gradleCommand": ":app:assembleDebug"
      },
      "ios": {
        "buildConfiguration": "Debug"
      }
    },
    "preview": {
      "distribution": "internal",
      "android": {
        "buildType": "apk"
      },
      "ios": {
        "buildConfiguration": "Release"
      }
    },
    "production": {
      "android": {
        "buildType": "apk"
      },
      "ios": {
        "buildConfiguration": "Release"
      }
    }
  },
  "submit": {
    "production": {}
  }
}





